datetime,PM2_5,temp,humidity,PM2_5_cal,temp_cal,humidity_cal
2021-02-23 00:00:00,38.0,22.015852,83.862823,54.9094,22.2,82.3
2021-02-23 00:15:00,37.0,21.694099,85.106415,55.03869999999999,22.1,82.6
2021-02-23 00:30:00,38.0,21.951502,84.419769,55.06025,22.0,83.0
2021-02-23 00:45:00,32.0,21.629749,85.358185,51.4183,21.9,83.3
2021-02-23 01:00:00,36.0,21.565397,85.869354,50.6856,21.9,83.4
2021-02-23 09:15:00,57.0,22.294704,82.527679,87.04044999999999,22.2,85.0
2021-02-23 09:30:00,67.0,22.884584,80.894989,95.7682,22.2,85.0
2021-02-23 09:45:00,63.0,22.830959,80.978912,94.45364999999998,22.4,85.0
2021-02-23 10:00:00,69.0,23.656792,78.247589,94.88465,22.8,84.7
2021-02-23 10:15:00,68.0,25.265556,72.784943,91.69525,23.4,83.9
2021-02-23 10:30:00,62.0,25.769636,69.801849,80.14444999999999,24.0,81.9
2021-02-23 10:45:00,51.0,26.080664,66.681427,73.37774999999999,24.6,80.0
2021-02-23 11:00:00,48.0,26.048489,65.659088,74.02425,25.0,78.8
2021-02-23 11:15:00,51.0,27.517828,61.943573,64.93015,25.5,77.8
2021-02-23 11:30:00,45.0,27.582178,60.730499,61.1589,25.9,76.8
2021-02-23 11:45:00,40.0,28.311485,58.662933,52.151,26.3,75.0
2021-02-23 12:00:00,36.0,28.547436,55.733246,58.61599999999999,26.7,73.6
2021-02-23 12:15:00,43.0,28.815563,56.473297,58.46515,27.0,72.9
2021-02-23 12:30:00,40.0,28.676138,53.833527,61.2882,27.3,71.6
2021-02-23 12:45:00,47.0,29.812998,53.642792,63.8742,27.5,71.5
2021-02-23 13:00:00,44.0,29.50197,52.338165,65.9861,27.8,70.4
2021-02-23 21:15:00,48.0,24.150146,77.240509,65.36115,24.6,77.2
2021-02-23 21:30:00,47.0,24.150146,76.965851,62.51655,24.4,77.4
2021-02-23 21:45:00,47.0,23.882019,77.377838,60.0814,24.2,77.6
2021-02-23 22:00:00,43.0,23.667517,77.667755,56.37479999999999,24.1,77.7
2021-02-23 22:15:00,39.0,23.399389,78.003448,53.89655,23.9,77.8
2021-02-23 22:30:00,37.0,23.152712,78.812164,56.48255,23.7,78.2
2021-02-23 22:45:00,37.0,22.948936,79.002899,51.95705,23.5,78.5
2021-02-23 23:00:00,38.0,23.002562,78.606171,54.06895,23.3,78.9
2021-02-23 23:15:00,37.0,22.991837,79.010529,53.89655,23.2,79.2
2021-02-23 23:30:00,39.0,22.820234,79.468292,57.88329999999999,23.1,79.4
2021-02-23 23:45:00,39.0,22.627182,80.154938,54.5215,22.9,79.7
2021-02-24 00:00:00,38.0,22.734434,79.758209,54.0905,22.9,79.9
2021-02-24 00:15:00,41.0,22.659357,79.842133,55.83604999999999,22.8,80.0
2021-02-24 00:30:00,38.0,22.702259,79.926056,54.02585,22.8,80.2
2021-02-24 00:45:00,37.0,22.498482,80.528778,55.18955,22.7,80.4
2021-02-24 09:15:00,54.0,23.141987,82.695526,76.6318,22.6,86.0
2021-02-24 09:30:00,57.0,23.410114,81.337494,77.04124999999999,22.9,85.6
2021-02-24 09:45:00,53.0,24.536249,76.386017,74.51989999999999,23.4,84.8
2021-02-24 10:00:00,53.0,24.975979,74.394745,69.82199999999999,24.0,83.0
2021-02-24 10:15:00,51.0,25.126131,73.883575,65.51199999999999,24.4,81.6
2021-02-24 10:30:00,49.0,25.737461,70.320648,66.0723,24.7,80.5
2021-02-24 10:45:00,47.0,25.630211,71.396393,66.56795,24.9,80.1
2021-02-24 11:00:00,51.0,26.016314,69.778961,68.96,25.1,79.4
2021-02-24 11:15:00,50.0,25.887611,69.145721,59.67195,25.4,78.3
2021-02-24 11:30:00,39.0,26.198641,67.040009,57.2368,25.5,77.6
2021-02-24 11:45:00,42.0,27.378401,64.331573,56.71959999999999,25.7,77.7
2021-02-24 12:00:00,40.0,27.196074,63.591522,55.8145,26.0,76.3
2021-02-24 12:15:00,37.0,26.531118,64.781708,55.74985,26.2,75.4
2021-02-24 12:30:00,39.0,26.069939,66.429657,54.04739999999999,26.1,74.8
2021-02-24 12:45:00,41.0,26.799246,63.202423,55.168,26.1,74.7
2021-02-24 13:00:00,41.0,26.670544,63.820404,55.87915,26.2,74.4
2021-02-24 21:30:00,37.0,22.637907,82.787079,48.1427,22.8,81.4
2021-02-24 21:45:00,34.0,22.595007,82.939667,46.6342,22.8,81.7
2021-02-24 22:00:00,32.0,22.541382,82.993073,44.63005,22.8,81.9
2021-02-24 22:15:00,33.0,22.455582,83.519501,42.0656,22.7,82.2
2021-02-24 22:30:00,27.0,22.401955,83.893341,42.08715,22.6,82.5
2021-02-24 22:45:00,30.0,22.39123,84.175629,41.76389999999999,22.6,82.8
2021-02-24 23:00:00,27.0,22.39123,84.343475,41.6346,22.6,83.0
2021-02-24 23:15:00,28.0,22.466307,84.503693,40.79415,22.6,83.3
2021-02-24 23:30:00,28.0,22.509207,84.671539,42.51815,22.5,83.6
2021-02-24 23:45:00,29.0,22.670082,84.351105,43.42325,22.5,83.8
2021-02-25 00:00:00,30.0,22.530657,85.03775,44.97485,22.5,84.0
2021-02-25 00:15:00,30.0,22.605732,84.839386,46.44025,22.5,84.1
2021-02-25 00:30:00,31.0,22.455582,85.678619,46.84969999999999,22.5,84.3
2021-02-25 00:45:00,30.0,22.702259,84.801239,47.841,22.5,84.5
2021-02-25 01:00:00,35.0,22.595007,85.342926,49.2633,22.5,84.5
2021-02-25 01:15:00,33.0,22.627182,85.617584,52.90525,22.6,84.8
2021-02-25 09:45:00,46.0,23.742592,87.44101,64.26209999999999,22.6,90.2
2021-02-25 10:00:00,45.0,23.678242,86.144012,62.06399999999999,22.9,89.6
2021-02-25 10:15:00,47.0,24.375374,83.710236,53.03455,23.3,88.8
2021-02-25 10:30:00,35.0,24.911629,80.62796,51.2459,23.7,88.1
2021-02-25 10:45:00,32.0,25.716011,76.950592,47.17295,24.2,86.7
2021-02-25 11:00:00,32.0,25.748186,76.118988,50.6856,24.6,85.8
2021-02-25 11:15:00,32.0,26.305891,74.631256,53.98275,25.0,84.6
2021-02-25 11:30:00,42.0,26.209366,74.196381,65.31804999999999,25.3,83.7
2021-02-25 11:45:00,46.0,25.951963,76.073212,65.36115,25.4,83.3
2021-02-25 12:00:00,45.0,25.984138,74.57785,67.10669999999999,25.5,82.6
2021-02-25 12:15:00,48.0,26.005589,74.684662,68.33505,25.6,82.2
2021-02-25 12:30:00,47.0,26.391691,73.654694,70.87795,25.7,82.1
2021-02-25 12:45:00,47.0,27.174623,70.114655,71.76149999999998,25.9,81.6
2021-02-25 13:00:00,51.0,27.378401,68.871063,71.82614999999998,26.4,80.4
2021-02-25 13:15:00,46.0,29.083691,64.331573,69.88664999999999,26.8,79.5
2021-02-25 13:30:00,47.0,27.314051,67.955536,72.79589999999999,27.0,78.1
2021-02-25 22:00:00,29.0,24.042896,83.511871,39.221,24.1,84.2
2021-02-25 22:15:00,24.0,23.721142,85.358185,36.87205,24.0,84.5
2021-02-25 22:30:00,21.0,23.678242,85.503143,35.988499999999995,23.8,84.9
2021-02-25 22:45:00,24.0,23.764044,85.243744,38.18659999999999,23.7,85.3
2021-02-25 23:00:00,25.0,23.688967,85.92276,38.55295,23.7,85.7
2021-02-25 23:15:00,27.0,23.721142,85.838837,38.50985,23.6,85.9
2021-02-25 23:30:00,23.0,23.806944,85.716766,37.43235,23.6,86.1
2021-02-25 23:45:00,22.0,23.785494,85.609955,34.45845,23.6,86.2
2021-02-26 00:00:00,19.0,23.871294,85.464996,33.208549999999995,23.6,86.3
2021-02-26 00:15:00,21.0,23.774769,85.953278,32.2388,23.6,86.3
2021-02-26 00:30:00,19.0,23.839119,85.602325,30.2131,23.6,86.4
2021-02-26 00:45:00,18.0,23.603167,86.357635,29.825199999999995,23.6,86.5
2021-02-26 01:00:00,18.0,23.528091,86.693329,30.53635,23.6,86.6
2021-02-26 01:15:00,18.0,23.474464,87.372345,31.05355,23.5,86.8
2021-02-26 01:30:00,20.0,23.377939,88.387054,33.25165,23.4,87.2
2021-02-26 06:15:00,25.0,23.141987,87.69278,34.41535,22.9,88.7
2021-02-26 06:30:00,20.0,23.002562,87.280792,33.33785,22.9,88.6
2021-02-26 06:45:00,20.0,23.249239,86.685699,45.66445,22.9,88.7
2021-02-26 07:00:00,36.0,23.399389,86.220306,65.9861,22.9,88.6
2021-02-26 07:15:00,41.0,23.442289,85.968536,77.98944999999999,23.0,88.5
2021-02-26 07:30:00,43.0,23.688967,85.075897,68.4859,23.0,88.5
2021-02-26 07:45:00,42.0,23.828394,84.480804,68.42125,23.1,88.4
2021-02-26 08:00:00,40.0,24.032171,83.618683,63.68025,23.2,88.2
2021-02-26 08:15:00,39.0,24.375374,82.01651,54.8232,23.4,87.8
2021-02-26 08:30:00,31.0,24.546974,80.849213,45.27655,23.5,87.3
2021-02-26 08:45:00,28.0,24.311024,81.413788,42.00095,23.7,86.8
2021-02-26 09:00:00,30.0,24.557701,80.093903,44.1775,23.8,86.4
2021-02-26 09:15:00,30.0,24.707851,79.964203,47.00054999999999,24.0,86.0
2021-02-26 09:30:00,27.0,24.825829,79.24704,44.80244999999999,24.1,85.8
2021-02-26 09:45:00,29.0,24.879454,79.041046,48.0565,24.2,85.6
2021-02-26 18:00:00,54.0,26.509668,73.723358,79.62725,27.3,76.4
2021-02-26 18:15:00,59.0,26.230816,74.70755,82.77354999999999,26.9,77.2
2021-02-26 18:30:00,63.0,26.091389,75.752777,86.73875,26.6,77.9
2021-02-26 18:45:00,66.0,25.748186,77.255768,86.54479999999998,26.3,78.6
2021-02-26 19:00:00,63.0,25.576584,78.293365,94.4752,26.1,79.3
2021-02-26 19:15:00,72.0,25.308456,79.62088,85.2518,25.8,79.9
2021-02-26 19:30:00,60.0,25.126131,79.857391,82.73044999999999,25.6,80.5
2021-02-26 19:45:00,61.0,25.093956,80.109161,82.73044999999999,25.4,80.9
2021-02-26 20:00:00,62.0,24.793652,81.459564,80.57544999999999,25.2,81.4
2021-02-26 20:15:00,55.0,24.825829,81.177277,85.8552,25.1,81.8
2021-02-26 20:30:00,57.0,24.750751,81.657928,74.82159999999999,24.9,82.0
2021-02-26 20:45:00,48.0,24.504074,82.092804,63.72335,24.8,82.2
2021-02-26 21:00:00,41.0,24.536249,81.696075,62.60274999999999,24.7,82.4
2021-02-26 21:15:00,46.0,24.450449,81.650299,62.77514999999999,24.6,82.6
2021-02-26 21:30:00,43.0,24.407549,81.596893,60.18914999999999,24.5,82.8
2021-02-26 21:45:00,43.0,24.343199,81.76474,60.27534999999999,24.4,83.0
2021-02-27 06:00:00,34.0,20.192585,85.983795,52.4958,20.5,85.6
2021-02-27 06:15:00,41.0,20.106785,86.479706,60.4262,20.3,85.7
2021-02-27 06:30:00,45.0,19.860107,85.136932,52.8406,20.1,85.3
2021-02-27 06:45:00,32.0,19.688505,84.15274,42.51815,19.9,85.2
2021-02-27 07:00:00,30.0,19.57053,83.588165,43.85425,19.8,85.2
2021-02-27 07:15:00,35.0,19.69923,82.909149,45.34119999999999,19.7,84.8
2021-02-27 07:30:00,32.0,19.72068,82.01651,48.9185,19.6,84.9
2021-02-27 07:45:00,37.0,19.806482,81.100983,52.47425,19.6,84.7
2021-02-27 08:00:00,39.0,19.731407,80.551666,54.4784,19.6,84.3
2021-02-27 08:15:00,37.0,19.881557,79.727692,53.59485,19.6,84.2
2021-02-27 10:00:00,34.0,19.849382,77.530426,42.7121,19.6,82.6
2021-02-27 10:15:00,29.0,19.72068,78.23233,41.5484,19.6,82.6
2021-02-27 10:30:00,30.0,19.377478,80.177826,41.78545,19.4,83.1
2021-02-27 10:45:00,29.0,18.927025,83.550018,43.55255,19.2,84.2
2021-02-27 11:00:00,30.0,19.162975,84.923309,44.54385,19.0,85.2
2021-02-27 11:15:00,30.0,19.323853,83.679718,45.23344999999999,18.9,85.6
2021-02-27 11:30:00,33.0,19.1737,82.909149,48.5737,18.8,85.4
2021-02-27 11:45:00,33.0,19.077175,82.840485,51.65534999999999,18.8,85.5
2021-02-27 12:00:00,39.0,19.259502,81.245941,58.16344999999999,18.8,85.3
2021-02-27 12:15:00,42.0,19.323853,80.391449,61.20199999999999,18.9,85.1
2021-02-27 12:30:00,42.0,19.431103,79.704803,60.40465,19.0,84.6
2021-02-27 12:45:00,43.0,19.195152,80.582184,62.3657,19.0,84.5
2021-02-27 13:00:00,50.0,19.366753,80.841583,71.45979999999999,19.0,84.6
2021-02-27 13:15:00,52.0,19.0021,82.672638,71.6753,19.0,84.8
2021-02-27 13:30:00,47.0,19.1737,82.436127,61.39594999999999,18.9,84.9
2021-02-27 13:45:00,42.0,18.64817,84.808868,60.23224999999999,18.7,85.3
2021-02-27 22:00:00,72.0,17.940315,88.287872,95.3803,17.6,89.2
2021-02-27 22:15:00,68.0,17.768713,89.981598,96.00525,17.5,89.4
2021-02-27 22:30:00,71.0,17.554211,90.172333,99.6903,17.5,89.7
2021-02-27 22:45:00,77.0,17.575661,90.553802,102.9659,17.4,89.9
2021-02-27 23:00:00,73.0,17.31826,91.835541,104.6468,17.3,90.1
2021-02-27 23:15:00,75.0,17.715088,90.103668,103.80635,17.3,90.3
2021-02-27 23:30:00,76.0,17.522036,91.133636,114.66755,17.3,90.4
2021-02-27 23:45:00,92.0,17.414785,91.690582,139.79485,17.2,90.6
2021-02-28 00:00:00,97.0,17.46841,92.316193,140.18274999999997,17.2,90.9
2021-02-28 00:15:00,82.0,17.33971,92.545074,122.8781,17.2,90.9
2021-02-28 00:30:00,85.0,17.264633,92.789215,110.2067,17.1,91.0
2021-02-28 00:45:00,67.0,17.414785,92.60611,105.70274999999998,17.1,91.3
2021-02-28 01:00:00,70.0,17.393335,92.453522,96.7595,17.1,91.3
2021-02-28 01:15:00,58.0,17.275358,92.697662,95.1648,17.1,91.3
2021-02-28 01:30:00,73.0,17.307533,93.391937,107.1897,17.1,91.5
2021-02-28 01:45:00,73.0,17.071583,94.078583,106.09064999999998,17.0,91.5
2021-02-28 10:15:00,53.0,18.315693,91.820282,77.66619999999999,17.8,93.0
2021-02-28 10:30:00,51.0,18.251343,92.384857,74.60609999999998,17.8,93.1
2021-02-28 10:45:00,48.0,18.380043,92.842621,67.0205,17.8,93.1
2021-02-28 11:00:00,43.0,18.347868,92.934174,66.5033,17.9,93.2
2021-02-28 11:15:00,43.0,18.444395,92.720551,69.28325,17.9,93.2
2021-02-28 11:30:00,48.0,18.744698,92.041534,81.71759999999999,18.0,93.3
2021-02-28 11:45:00,60.0,18.851948,91.33963,94.3028,18.1,93.1
2021-02-28 12:00:00,58.0,19.10935,90.58432,86.86805,18.2,93.0
2021-02-28 12:15:00,55.0,19.334578,90.637726,84.15274999999998,18.3,93.1
2021-02-28 12:30:00,52.0,19.69923,88.31076,73.4855,18.4,93.0
2021-02-28 12:45:00,41.0,20.042435,88.364166,64.00349999999999,18.6,93.0
2021-02-28 13:00:00,40.0,19.978083,87.410492,57.88329999999999,18.8,92.4
2021-02-28 13:15:00,30.0,20.063885,87.341827,52.25874999999999,19.0,92.1
2021-02-28 13:30:00,36.0,20.042435,87.921661,58.5298,19.0,92.0
2021-02-28 13:45:00,39.0,20.353462,87.18161,62.96909999999999,19.1,92.1
2021-02-28 14:00:00,45.0,20.610865,85.747284,69.49874999999999,19.3,92.0
2021-02-28 22:15:00,70.0,20.353462,91.042084,116.13295,19.8,92.8
2021-02-28 22:30:00,71.0,20.385637,91.141266,111.8014,19.8,92.9
2021-02-28 22:45:00,66.0,20.428537,91.309113,110.18515,19.8,93.0
2021-02-28 23:00:00,67.0,20.385637,91.225189,97.34135,19.8,92.9
2021-02-28 23:15:00,55.0,20.396362,91.194672,91.93229999999998,19.9,92.9
2021-02-28 23:30:00,53.0,20.471437,90.897125,90.2945,19.9,92.9
2021-02-28 23:45:00,51.0,20.449987,91.08786,88.80754999999999,19.9,92.9
2021-03-01 00:00:00,53.0,20.278387,91.484589,91.78145,19.8,92.9
2021-03-01 00:15:00,50.0,20.24621,91.873688,97.85854999999998,19.8,92.9
2021-03-01 00:30:00,55.0,20.267662,91.957611,104.66835,19.8,93.1
2021-03-01 00:45:00,52.0,20.278387,92.293304,102.3625,19.8,93.2
2021-03-01 01:00:00,54.0,20.22476,92.575592,108.15944999999998,19.8,93.1
2021-03-01 01:15:00,57.0,20.299837,92.407745,111.198,19.9,93.2
2021-03-01 01:30:00,58.0,20.428537,92.22464,112.46944999999998,19.9,93.4
2021-03-01 01:45:00,58.0,20.492887,92.056793,111.99535,19.9,93.5
2021-03-01 02:00:00,60.0,20.449987,92.285675,113.3961,19.9,93.5
2021-03-01 10:30:00,53.0,21.372347,91.393036,81.13574999999999,21.0,93.1
2021-03-01 10:45:00,55.0,21.222195,92.011017,87.8809,21.0,93.2
2021-03-01 11:00:00,57.0,21.393797,92.903656,85.31645,21.0,93.5
2021-03-01 11:15:00,58.0,21.511772,92.285675,79.60569999999998,21.0,93.6
2021-03-01 11:30:00,51.0,21.372347,92.789215,72.8821,21.1,93.5
2021-03-01 11:45:00,49.0,21.565397,92.674774,72.62349999999999,21.1,93.6
2021-03-01 12:00:00,51.0,21.597572,92.812103,74.28285,21.1,93.7
2021-03-01 12:15:00,55.0,21.436697,92.957062,74.88624999999999,21.2,93.7
2021-03-01 12:30:00,53.0,21.565397,92.537445,77.7524,21.2,93.7
2021-03-01 12:45:00,59.0,21.854975,91.103119,80.64009999999999,21.2,93.7
2021-03-01 13:00:00,60.0,22.176729,90.141815,81.09264999999999,21.4,93.6
2021-03-01 13:15:00,57.0,22.423407,88.989777,75.9422,21.6,93.3
2021-03-01 13:30:00,50.0,22.734434,88.608307,76.6318,21.7,93.3
2021-03-01 13:45:00,53.0,23.324314,87.036652,80.64009999999999,21.9,93.2
2021-03-01 14:00:00,51.0,23.474464,85.625214,76.76109999999998,22.2,92.7
2021-03-01 14:15:00,54.0,24.193047,84.206146,75.92064999999998,22.4,92.6
2021-03-01 22:45:00,68.0,23.356489,91.789764,110.7239,22.9,93.0
2021-03-01 23:00:00,61.0,23.367214,91.530365,115.05545,22.9,93.0
2021-03-01 23:15:00,68.0,23.377939,91.393036,113.76245,22.9,93.0
2021-03-01 23:30:00,62.0,23.420839,91.33963,110.93939999999998,22.9,93.1
2021-03-01 23:45:00,60.0,23.442289,91.507477,114.40895,22.9,93.2
2021-03-02 00:00:00,64.0,23.313589,91.812653,117.01649999999998,22.9,93.2
2021-03-02 00:15:00,67.0,23.281414,91.766876,70.05904999999998,22.8,91.4
2021-03-02 00:30:00,43.0,21.479597,89.523834,53.72415,22.3,89.5
2021-03-02 00:45:00,33.0,20.675215,87.914032,42.0225,21.7,88.6
2021-03-02 01:00:00,30.0,20.289112,86.411041,42.90604999999999,21.2,88.6
2021-03-02 01:15:00,36.0,20.256935,87.852997,68.33505,20.9,89.4
2021-03-02 01:30:00,52.0,20.278387,86.601776,78.5713,20.7,89.6
2021-03-02 01:45:00,48.0,20.321287,86.2966,64.3052,20.5,89.7
2021-03-02 02:00:00,47.0,20.149685,85.342926,75.66205,20.5,89.2
2021-03-02 02:15:00,58.0,20.149685,83.427948,84.90699999999998,20.4,88.6
2021-03-02 02:30:00,47.0,20.192585,82.382721,69.88664999999999,20.3,88.1
2021-03-02 11:00:00,18.0,20.911167,59.929413,28.07965,20.5,74.4
2021-03-02 11:15:00,20.0,20.975517,60.448212,27.0668,20.6,74.6
2021-03-02 11:30:00,19.0,21.479597,59.21225,27.7133,20.6,74.6
2021-03-02 11:45:00,18.0,21.7799,58.57901,26.52805,20.8,74.2
2021-03-02 12:00:00,19.0,21.769175,57.961029,26.291,20.9,73.7
2021-03-02 12:15:00,17.0,22.219629,57.793182,25.32125,21.1,73.6
2021-03-02 12:30:00,17.0,21.8657,57.297272,24.24375,21.2,72.9
2021-03-02 12:45:00,16.0,22.198179,57.617706,26.722,21.3,73.0
2021-03-02 13:00:00,20.0,22.36978,57.388824,24.63165,21.4,73.0
2021-03-02 13:15:00,17.0,22.219629,57.358307,24.6101,21.5,72.6
2021-03-02 13:30:00,17.0,22.39123,56.747955,24.0067,21.5,72.5
2021-03-02 13:45:00,15.0,22.455582,56.633514,22.7137,21.6,72.3
2021-03-02 14:00:00,15.0,22.198179,56.862396,23.12315,21.6,72.1
2021-03-02 14:15:00,15.0,22.198179,58.083099,24.80405,21.7,72.2
2021-03-02 14:30:00,18.0,22.530657,56.717438,28.20895,21.7,71.9
2021-03-03 03:45:00,54.0,20.310562,72.746796,86.91114999999999,20.0,78.8
2021-03-03 04:00:00,57.0,20.439262,73.021454,88.0964,20.0,78.8
2021-03-03 04:15:00,56.0,20.417812,73.296112,88.61359999999999,20.0,79.0
2021-03-03 04:30:00,59.0,20.396362,73.402924,89.0877,19.9,79.1
2021-03-03 04:45:00,60.0,20.428537,73.242706,92.55725,19.9,79.3
2021-03-03 05:00:00,65.0,20.407087,73.891205,96.5009,19.9,79.7
2021-03-03 05:15:00,70.0,20.299837,75.218719,97.8801,19.9,80.1
2021-03-03 05:30:00,74.0,20.214035,75.920624,98.5266,19.8,80.4
2021-03-03 05:45:00,72.0,20.128235,76.813263,105.09935,19.8,80.8
2021-03-03 06:00:00,84.0,20.16041,77.866119,111.32729999999998,19.7,81.3
2021-03-03 06:15:00,84.0,20.11751,78.766388,109.3447,19.7,81.9
2021-03-03 06:30:00,84.0,19.956633,80.643219,110.6377,19.6,82.5
2021-03-03 06:45:00,78.0,19.945908,80.864471,108.28875,19.6,82.8
2021-03-03 07:00:00,73.0,19.935183,79.758209,96.5009,19.6,82.4
2021-03-03 07:15:00,67.0,19.967358,78.293365,97.75079999999998,19.6,82.1
2021-03-03 07:30:00,68.0,20.07461,77.789825,100.57385,19.6,82.1
2021-03-03 16:00:00,67.0,18.49802,86.617035,91.1134,18.3,85.9
2021-03-03 16:15:00,68.0,18.337143,86.853546,93.527,18.2,86.0
2021-03-03 16:30:00,69.0,18.51947,85.815948,94.41055,18.1,86.2
2021-03-03 16:45:00,75.0,18.422945,85.968536,101.0264,18.1,86.4
2021-03-03 17:00:00,84.0,18.294243,86.975616,107.85774999999998,18.1,86.7
2021-03-03 17:15:00,75.0,18.444395,86.380524,90.57465,18.1,86.6
2021-03-03 17:30:00,67.0,18.294243,86.235565,90.27295,18.0,86.6
2021-03-03 17:45:00,73.0,17.940315,87.624115,89.94969999999999,17.9,86.8
2021-03-03 18:00:00,70.0,17.833063,87.639374,85.79055,17.8,86.7
2021-03-03 18:15:00,62.0,17.757988,86.494965,86.2431,17.7,86.6
2021-03-03 18:30:00,68.0,17.983215,86.136383,87.14819999999999,17.7,86.6
2021-03-03 18:45:00,64.0,17.875965,85.159821,88.0102,17.7,86.5
2021-03-03 19:00:00,70.0,18.05829,84.457916,93.11755,17.7,86.2
2021-03-03 19:15:00,78.0,17.875965,84.717316,96.54399999999998,17.8,86.2
2021-03-03 19:30:00,75.0,17.822338,85.106415,96.78104999999998,17.7,86.3
2021-03-03 19:45:00,75.0,17.843788,85.327667,95.44495,17.7,86.4
2021-03-04 04:00:00,63.0,16.889256,91.537994,82.96749999999999,16.9,90.2
2021-03-04 04:15:00,62.0,17.017956,90.698761,84.88544999999999,16.9,90.2
2021-03-04 04:30:00,65.0,17.007231,91.415924,83.03215,16.9,90.4
2021-03-04 04:45:00,62.0,17.178833,90.71402,79.5626,16.9,90.3
2021-03-04 05:00:00,59.0,17.103758,90.691132,72.66659999999999,17.0,90.3
2021-03-04 05:15:00,52.0,17.168108,90.469879,65.87835,17.0,90.2
2021-03-04 05:30:00,46.0,17.275358,88.753265,55.38349999999999,17.0,90.0
2021-03-04 05:45:00,44.0,17.275358,88.44809,56.00844999999999,17.0,89.9
2021-03-04 06:00:00,50.0,17.286083,88.562531,66.22314999999999,17.0,89.8
2021-03-04 06:15:00,51.0,17.371885,88.837189,72.1925,17.1,89.8
2021-03-04 06:30:00,59.0,17.42551,88.890594,69.80045,17.1,89.8
2021-03-04 06:45:00,52.0,17.575661,87.860626,67.17135,17.1,89.7
2021-03-04 07:00:00,53.0,17.511311,87.80722,64.49915,17.2,89.5
2021-03-04 07:15:00,49.0,17.854515,86.67807,69.32634999999999,17.3,89.3
2021-03-04 07:30:00,54.0,18.026115,85.396332,72.8821,17.3,89.2
2021-03-04 07:45:00,58.0,17.940315,85.777802,74.58455,17.4,89.1
2021-03-04 16:15:00,76.0,20.22476,79.193634,107.59915,19.7,85.5
2021-03-04 16:30:00,78.0,20.07461,80.009979,113.6547,19.6,85.6
2021-03-04 16:45:00,87.0,20.11751,80.238861,116.77944999999998,19.6,85.8
2021-03-04 17:00:00,86.0,20.128235,80.818695,116.99495,19.6,85.9
2021-03-04 17:15:00,84.0,20.192585,80.933136,116.9734,19.6,86.1
2021-03-04 17:30:00,81.0,20.13896,81.039948,118.11555,19.6,86.2
2021-03-04 17:45:00,83.0,19.967358,81.863922,120.55069999999998,19.5,86.3
2021-03-04 18:00:00,86.0,19.945908,82.39035,120.68,19.5,86.5
2021-03-04 18:15:00,85.0,19.849382,82.962555,118.28795,19.5,86.7
2021-03-04 18:30:00,87.0,19.978083,82.832855,123.39529999999998,19.5,87.0
2021-03-04 18:45:00,92.0,19.827932,84.29007,130.26975,19.4,87.4
2021-03-04 19:00:00,90.0,19.688505,85.983795,137.42435,19.4,87.8
2021-03-04 19:15:00,93.0,19.795757,86.479706,142.94115,19.4,88.3
2021-03-04 19:30:00,91.0,19.581255,88.020844,144.85909999999998,19.3,88.8
2021-03-04 19:45:00,92.0,19.581255,88.799042,146.7986,19.2,89.3
2021-03-04 20:00:00,91.0,19.645605,89.127106,150.31124999999997,19.2,89.7
2021-03-05 02:45:00,38.0,19.409653,93.254608,67.64545,19.1,93.0
2021-03-05 03:00:00,37.0,19.61343,92.423004,66.41709999999999,19.1,93.0
2021-03-05 03:15:00,36.0,19.67778,92.72818,69.13239999999999,19.2,93.0
2021-03-05 03:30:00,37.0,19.795757,92.110199,70.6409,19.2,93.1
2021-03-05 12:00:00,40.0,22.241079,84.465546,69.9082,21.5,90.1
2021-03-05 12:15:00,47.0,22.434132,83.298248,66.2878,21.6,89.8
2021-03-05 12:30:00,42.0,22.498482,83.328766,70.14524999999999,21.7,89.7
2021-03-05 12:45:00,44.0,22.637907,83.344025,73.37774999999999,21.7,89.8
2021-03-05 13:00:00,47.0,22.927485,81.734222,73.03295,21.9,89.7
2021-03-05 13:15:00,42.0,23.678242,79.735321,75.2526,22.1,89.5
2021-03-05 13:30:00,45.0,23.999994,78.766388,77.47225,22.3,89.0
2021-03-05 13:45:00,47.0,23.560266,79.887909,74.36904999999999,22.5,88.5
2021-03-05 14:00:00,45.0,23.667517,79.514069,82.14859999999999,22.6,88.1
2021-03-05 14:15:00,55.0,23.335039,81.64267,88.786,22.6,88.2
2021-03-05 14:30:00,49.0,23.088362,81.612152,85.38109999999999,22.5,88.1
2021-03-05 14:45:00,52.0,23.131262,81.688446,93.41925,22.5,88.3
2021-03-05 15:00:00,58.0,22.884584,82.916779,100.6816,22.5,88.4
2021-03-05 15:15:00,57.0,23.249239,82.809967,99.58255,22.5,88.7
2021-03-05 15:30:00,56.0,23.034737,83.183807,91.1996,22.4,88.9
2021-03-06 00:00:00,35.0,22.412682,90.866608,67.47304999999999,21.8,93.2
2021-03-06 00:15:00,34.0,22.434132,90.805573,64.97325,21.8,93.2
2021-03-06 00:30:00,34.0,22.498482,90.637726,65.44735,21.8,93.2
2021-03-06 00:45:00,38.0,22.359055,91.003937,72.73124999999999,21.8,93.2
2021-03-06 01:00:00,40.0,22.380505,91.255707,77.73084999999999,21.8,93.1
2021-03-06 01:15:00,39.0,22.337605,91.560883,77.3214,21.9,93.2
2021-03-06 01:30:00,39.0,22.498482,91.194672,80.18755,21.8,93.3
2021-03-06 01:45:00,40.0,22.444857,91.309113,78.52819999999998,21.8,93.4
2021-03-06 02:00:00,40.0,22.519932,91.110748,78.05409999999999,21.8,93.4
2021-03-06 02:15:00,40.0,22.498482,90.942902,77.3214,21.9,93.4
2021-03-06 02:30:00,38.0,22.541382,90.858978,78.59284999999998,21.8,93.4
2021-03-06 02:45:00,40.0,22.552107,91.003937,80.7263,21.8,93.4
2021-03-06 03:00:00,42.0,22.552107,90.828461,82.5796,21.8,93.4
2021-03-06 03:15:00,41.0,22.498482,91.141266,81.6745,21.8,93.4
2021-03-06 03:30:00,44.0,22.337605,91.759247,81.37279999999998,21.8,93.4
2021-03-06 03:45:00,48.0,22.198179,92.041534,85.27335,21.8,93.4
2021-03-06 12:00:00,49.0,27.378401,70.519012,68.44279999999999,26.7,83.5
2021-03-06 12:15:00,49.0,27.721603,67.383331,67.66699999999999,26.8,83.1
2021-03-06 12:30:00,50.0,28.676138,66.940826,62.6674,27.0,83.0
2021-03-06 12:45:00,36.0,30.081125,61.432404,64.75775,27.4,82.0
2021-03-06 13:00:00,46.0,29.212393,63.416046,58.70219999999999,27.7,81.1
2021-03-06 13:15:00,39.0,30.906958,61.562103,61.61144999999999,28.0,81.3
2021-03-06 13:30:00,42.0,31.453938,60.165924,58.35739999999999,28.4,80.3
2021-03-06 13:45:00,40.0,31.636265,56.992096,56.1593,28.8,79.2
2021-03-06 14:00:00,40.0,31.64699,57.587189,59.80125,29.1,78.4
2021-03-07 02:45:00,33.0,24.117971,86.494965,55.23264999999999,23.9,88.8
2021-03-07 03:00:00,29.0,23.946369,87.379974,52.4958,23.8,89.1
2021-03-07 03:15:00,29.0,24.053621,87.395233,53.16385,23.7,89.3
2021-03-07 03:30:00,29.0,24.128696,87.082428,53.81034999999999,23.7,89.7
2021-03-07 03:45:00,30.0,24.075071,87.56308,53.42244999999999,23.6,89.9
2021-03-07 04:00:00,29.0,23.989269,88.348907,52.4958,23.6,90.0
2021-03-07 04:15:00,31.0,24.160872,87.982697,57.30145,23.6,90.3
2021-03-07 04:30:00,42.0,24.107246,88.211578,78.61439999999999,23.6,90.3
2021-03-07 13:00:00,49.0,27.925381,57.9534,75.9422,25.4,76.9
2021-03-07 13:15:00,49.0,27.539278,58.838409,73.72255,25.7,76.5
2021-03-07 13:30:00,48.0,27.81813,59.700531,75.44654999999999,25.9,76.2
2021-03-07 13:45:00,58.0,27.035198,61.699432,74.06734999999999,26.0,75.9
2021-03-07 14:00:00,48.0,26.724171,63.965363,72.34335,26.0,76.5
2021-03-07 14:15:00,50.0,26.777796,64.819855,73.29154999999999,25.9,76.6
2021-03-07 14:30:00,49.0,27.196074,62.798065,79.28245,25.9,76.5
2021-03-07 14:45:00,59.0,26.498943,64.224762,80.51079999999999,25.8,76.4
2021-03-07 15:00:00,61.0,26.606194,64.728302,80.9418,25.8,76.8
2021-03-07 15:15:00,55.0,26.927946,64.652008,81.78225,25.9,77.0
2021-03-07 15:30:00,57.0,26.670544,65.285248,83.22609999999999,25.9,77.0
2021-03-07 15:45:00,58.0,26.788521,66.292328,86.19999999999999,25.9,77.1
2021-03-07 16:00:00,62.0,26.445318,67.413849,87.92399999999999,25.9,77.1
2021-03-07 16:15:00,62.0,26.027039,68.504852,88.0964,25.7,77.2
2021-03-07 16:30:00,60.0,25.716011,69.267792,90.5962,25.6,77.4
2021-03-07 16:45:00,63.0,25.565859,70.229095,91.82455,25.4,77.9
2021-03-08 01:45:00,53.0,21.436697,86.288971,85.51039999999999,21.4,86.1
2021-03-08 04:00:00,69.0,21.286545,86.967987,106.8018,21.0,87.9
2021-03-08 04:15:00,69.0,21.329445,86.685699,107.21125,21.1,87.9
2021-03-08 04:30:00,68.0,21.222195,87.250275,110.1636,21.0,88.1
2021-03-08 04:45:00,68.0,21.16857,87.387604,113.0082,21.0,88.3
2021-03-08 05:00:00,73.0,21.372347,86.967987,114.71065,21.0,88.5
2021-03-08 05:15:00,67.0,21.436697,87.151093,115.22785,21.0,88.6
2021-03-08 05:30:00,75.0,21.629749,86.563629,118.0509,21.0,88.9
2021-03-08 05:45:00,73.0,21.694099,86.784882,121.7575,21.1,89.0
2021-03-08 06:00:00,71.0,21.694099,86.891693,123.76165,21.1,89.0
2021-03-08 06:15:00,67.0,21.8228,86.777252,124.3435,21.2,89.0
2021-03-08 06:30:00,68.0,21.972952,86.517853,127.29585,21.2,89.2
2021-03-08 06:45:00,70.0,22.048027,86.266083,129.53705,21.2,89.3
2021-03-08 07:00:00,78.0,21.972952,87.021393,132.40319999999997,21.3,89.3
2021-03-08 07:15:00,83.0,21.951502,88.081879,141.06629999999998,21.4,89.6
2021-03-08 07:30:00,78.0,21.586847,90.805573,140.91545,21.3,89.9
2021-03-08 07:45:00,78.0,21.672649,90.157074,142.1007,21.3,90.2
2021-03-08 16:00:00,67.0,24.010719,86.578888,109.53865,23.6,89.5
2021-03-08 16:15:00,65.0,23.753319,87.80722,111.77984999999998,23.6,89.5
2021-03-08 16:30:00,66.0,23.839119,87.547821,109.36625,23.6,89.7
2021-03-08 16:45:00,71.0,23.817669,87.68515,111.52125,23.5,89.9
2021-03-08 17:00:00,68.0,23.785494,88.173431,106.6725,23.5,90.1
2021-03-08 17:15:00,62.0,23.817669,87.93692,105.53034999999998,23.5,90.1
2021-03-08 17:30:00,64.0,23.817669,87.578339,103.69859999999998,23.5,90.1
2021-03-09 00:15:00,37.0,23.367214,89.287323,61.78385,23.0,91.3
2021-03-09 00:30:00,32.0,23.356489,89.508575,59.30559999999999,23.0,91.4
2021-03-09 00:45:00,31.0,23.474464,89.249176,58.8315,23.0,91.5
2021-03-09 01:00:00,32.0,23.442289,89.2034,62.27949999999999,23.0,91.4
2021-03-09 01:15:00,35.0,23.463739,89.172882,66.00765,23.0,91.4
2021-03-09 01:30:00,41.0,23.292139,89.745087,65.61975,23.0,91.5
2021-03-09 01:45:00,35.0,23.431564,89.287323,66.2878,23.0,91.6
2021-03-09 02:00:00,42.0,23.270689,89.661163,69.75734999999999,23.0,91.6
2021-03-09 02:15:00,43.0,23.238514,89.966339,70.5547,23.0,91.6
2021-03-09 02:30:00,39.0,23.281414,89.943451,70.87795,22.9,91.7
2021-03-09 02:45:00,41.0,23.195612,90.134186,70.92104999999998,22.9,91.7
2021-03-09 03:00:00,40.0,23.195612,90.027374,68.96,22.9,91.7
2021-03-09 03:15:00,38.0,23.259964,89.57724,67.38685,22.9,91.7
2021-03-09 03:30:00,41.0,23.249239,89.378876,67.7101,22.9,91.7
2021-03-09 03:45:00,39.0,23.292139,88.982147,63.07684999999999,22.9,91.7
2021-03-09 12:15:00,52.0,27.710878,75.58493,78.3127,25.4,89.7
2021-03-09 12:30:00,51.0,27.625078,75.890106,72.86055,25.8,88.8
2021-03-09 12:45:00,45.0,27.710878,75.218719,68.93844999999999,26.1,87.6
2021-03-09 13:00:00,42.0,27.743053,74.997467,64.88704999999999,26.3,87.2
2021-03-09 13:15:00,44.0,28.493811,72.281403,64.1759,26.7,86.8
2021-03-09 13:30:00,44.0,28.665413,71.259064,58.8315,27.0,85.7
2021-03-09 13:45:00,38.0,28.32221,72.525543,54.49994999999999,27.1,85.0
2021-03-09 14:00:00,33.0,27.582178,75.295013,41.87165,27.2,84.3
2021-03-09 14:15:00,24.0,27.324776,75.363678,37.4539,27.1,84.2
2021-03-09 14:30:00,24.0,26.981573,77.293915,34.7386,26.9,84.6
2021-03-09 14:45:00,21.0,27.314051,76.34024,34.1352,26.9,84.8
2021-03-09 15:00:00,23.0,26.852871,77.446503,34.566199999999995,26.8,84.7
2021-03-09 15:15:00,23.0,27.067373,76.927704,34.48,26.7,84.8
2021-03-09 15:30:00,19.0,26.842146,77.690643,29.0925,26.6,84.6
2021-03-09 15:45:00,21.0,26.670544,77.400726,28.101199999999995,26.6,84.4
2021-03-10 00:15:00,27.0,23.699692,87.242645,44.93175,23.5,89.8
2021-03-10 00:30:00,26.0,23.549541,87.708038,44.5223,23.5,89.9
2021-03-10 00:45:00,25.0,23.603167,87.395233,41.11739999999999,23.5,90.0
2021-03-10 01:00:00,23.0,23.613892,87.395233,40.06145,23.5,89.8
2021-03-10 01:15:00,27.0,23.420839,87.883514,39.15635,23.4,89.8
2021-03-10 01:30:00,23.0,23.238514,88.455719,38.16505,23.3,89.9
2021-03-10 01:45:00,24.0,23.195612,88.844818,39.15635,23.2,90.1
2021-03-10 02:00:00,23.0,23.249239,88.707489,37.10909999999999,23.2,90.3
2021-03-10 02:15:00,22.0,23.238514,88.341278,36.57035,23.2,90.3
2021-03-10 02:30:00,23.0,23.356489,88.272614,40.75105,23.1,90.5
2021-03-10 02:45:00,23.0,23.410114,87.715668,40.4278,23.1,90.5
2021-03-10 03:00:00,23.0,23.141987,88.844818,40.92345,23.0,90.5
2021-03-10 03:15:00,25.0,23.217064,88.562531,42.84139999999999,23.0,90.6
2021-03-10 03:30:00,26.0,23.024012,89.241547,44.1775,22.9,90.8
2021-03-10 03:45:00,26.0,23.077637,89.272064,45.7291,22.9,90.9
2021-03-10 04:00:00,28.0,23.056187,89.355988,48.1427,22.9,90.9
2021-03-10 12:30:00,16.0,28.139883,72.266144,28.20895,26.9,85.7
2021-03-10 12:45:00,17.0,28.547436,70.717377,27.21765,27.1,84.7
2021-03-10 13:00:00,17.0,28.922815,70.313019,26.6789,27.5,84.0
2021-03-10 13:15:00,16.0,28.504536,70.999664,28.9201,27.7,83.3
2021-03-10 13:30:00,19.0,28.901365,69.107574,31.2475,27.8,82.4
2021-03-10 13:45:00,20.0,28.418736,70.541901,34.99719999999999,27.8,82.4
2021-03-10 14:00:00,28.0,29.426895,67.360443,32.7129,27.9,82.3
2021-03-10 14:15:00,22.0,29.180218,66.711945,30.8596,28.1,80.9
2021-03-10 14:30:00,19.0,28.214958,69.077057,31.463,28.1,80.5
2021-03-10 14:45:00,20.0,28.601063,68.871063,37.84179999999999,28.1,80.9
2021-03-10 15:00:00,25.0,29.362543,66.742462,35.0834,28.1,80.5
2021-03-10 15:15:00,22.0,29.072966,68.52774,35.70835,28.0,80.4
2021-03-10 15:30:00,34.0,28.450911,69.733185,36.4626,27.9,80.6
2021-03-10 15:45:00,18.0,28.150608,70.755524,30.2993,27.7,80.7
2021-03-10 16:00:00,19.0,28.665413,69.298309,32.4974,27.7,80.8
2021-03-10 16:15:00,21.0,28.032631,70.938629,34.049,27.8,80.4
2021-03-11 00:30:00,33.0,23.367214,88.501495,55.14645,23.3,89.6
2021-03-11 00:45:00,35.0,23.388664,88.501495,59.97364999999999,23.3,89.7
2021-03-11 01:00:00,37.0,23.356489,88.753265,62.34414999999999,23.3,89.8
2021-03-11 01:15:00,36.0,23.431564,88.638824,60.36155,23.3,89.8
2021-03-11 01:30:00,33.0,23.656792,87.69278,57.5816,23.3,89.9
2021-03-11 01:45:00,34.0,23.688967,87.30368,55.2542,23.3,89.9
2021-03-11 02:00:00,32.0,23.699692,87.326569,53.96119999999999,23.3,89.9
2021-03-11 02:15:00,32.0,23.699692,87.578339,51.50449999999999,23.4,89.9
2021-03-11 02:30:00,32.0,23.710417,87.212128,50.70715,23.4,89.8
2021-03-11 02:45:00,30.0,23.506641,87.509674,47.21605,23.3,89.7
2021-03-11 03:00:00,28.0,23.399389,87.68515,45.2981,23.3,89.7
2021-03-11 03:15:00,30.0,23.431564,87.547821,49.996,23.3,89.7
2021-03-11 03:30:00,34.0,23.410114,87.631744,59.30559999999999,23.2,89.8
2021-03-11 03:45:00,35.0,23.453014,87.570709,61.11579999999999,23.2,89.9
2021-03-11 04:00:00,38.0,23.560266,87.112946,57.27989999999999,23.2,89.8
2021-03-11 04:15:00,32.0,23.463739,87.204498,52.90525,23.3,89.8
2021-03-11 12:45:00,32.0,25.812536,81.299347,44.58695,25.3,87.9
2021-03-11 13:00:00,29.0,26.348791,78.903717,43.81114999999999,25.5,87.3
2021-03-11 13:15:00,29.0,26.209366,79.308075,45.83685,25.7,86.6
2021-03-11 13:30:00,29.0,25.887611,80.12442,48.18579999999999,25.7,86.5
2021-03-11 13:45:00,31.0,25.941238,80.353302,52.88369999999999,25.7,86.7
2021-03-11 14:00:00,36.0,26.273716,79.819244,54.9956,25.7,86.9
2021-03-11 14:15:00,35.0,26.788521,77.667755,51.69845,25.8,86.5
2021-03-11 14:30:00,31.0,27.003023,76.065582,45.14724999999999,26.0,86.3
2021-03-11 14:45:00,28.0,28.729763,71.17514,44.02665,26.3,86.1
